Date,Adj Close
2016-12-19,99.6593
2016-12-20,100.5069
2016-12-21,100.2876
2016-12-22,99.8969
2016-12-23,99.5714
2016-12-26,99.7167
2016-12-27,100.0336
2016-12-28,99.3468
2016-12-29,99.8082
2016-12-30,100.7011
2017-01-02,102.2706
2017-01-03,102.9905
2017-01-04,103.566
2017-01-05,104.3791
2017-01-06,104.6193
2017-01-09,104.5231
2017-01-10,103.2456
2017-01-11,103.3174
2017-01-12,103.6779
2017-01-13,104.7507
2017-01-16,104.4478
2017-01-17,104.365
2017-01-18,105.4273
2017-01-19,105.6087
2017-01-20,105.2767
2017-01-23,104.1842
2017-01-24,104.4442
2017-01-25,106.3482
2017-01-26,106.9662
2017-01-27,106.6077
2017-01-30,106.1437
2017-01-31,106.8697
2017-02-01,105.7922
2017-02-02,107.0312
2017-02-03,108.5042
2017-02-06,108.0309
2017-02-07,107.2162
2017-02-08,107.1193
2017-02-09,106.451
2017-02-10,106.6334
2017-02-13,105.4458
2017-02-14,106.0316
2017-02-15,106.4887
2017-02-16,106.8558
2017-02-17,105.6345
2017-02-20,106.5054
2017-02-21,106.4451
2017-02-22,107.467
2017-02-23,107.3524
2017-02-24,107.6099
2017-02-27,108.0746
2017-02-28,108.9362
2017-03-01,108.8322
2017-03-02,108.7474
2017-03-03,108.3202
2017-03-06,109.6201
2017-03-07,110.0433
2017-03-08,111.0561
2017-03-09,112.2147
2017-03-10,110.7156
2017-03-13,109.8319
2017-03-14,110.6793
2017-03-15,110.5395
2017-03-16,109.6154
2017-03-17,110.6476
2017-03-20,110.6195
2017-03-21,110.2809
2017-03-22,108.7553
2017-03-23,108.8287
2017-03-24,109.5149
2017-03-27,108.8236
2017-03-28,108.2612
2017-03-29,107.7567
2017-03-30,107.6109
2017-03-31,107.037
2017-04-03,107.5408
2017-04-04,107.2191
2017-04-05,107.5453
2017-04-06,107.1321
2017-04-07,107.3436
2017-04-10,107.7922
2017-04-11,108.851
2017-04-12,108.2537
2017-04-13,108.2433
2017-04-14,108.7772
2017-04-17,107.4166
2017-04-18,108.0505
2017-04-19,107.8591
2017-04-20,108.5885
2017-04-21,108.9518
2017-04-24,109.066
2017-04-25,108.4358
2017-04-26,108.3976
2017-04-27,108.4015
2017-04-28,108.9709
2017-05-01,109.7218
2017-05-02,110.8614
2017-05-03,111.5458
2017-05-04,110.7739
2017-05-05,111.5047
2017-05-08,111.7967
2017-05-09,110.5516
2017-05-10,109.1035
2017-05-11,109.2318
2017-05-12,110.9765
2017-05-15,110.4436
2017-05-16,110.4967
2017-05-17,110.1612
2017-05-18,111.2815
2017-05-19,110.7931
2017-05-22,109.8326
2017-05-23,108.4021
2017-05-24,108.1233
2017-05-25,105.2546
2017-05-26,106.3828
2017-05-29,106.7941
2017-05-30,107.5791
2017-05-31,109.8641
2017-06-01,111.4156
2017-06-02,110.0056
2017-06-05,110.6459
2017-06-06,109.7054
2017-06-07,110.8969
2017-06-08,109.1059
2017-06-09,103.2097
2017-06-12,101.5681
2017-06-13,102.34
2017-06-14,101.4378
2017-06-15,100.6562
2017-06-16,101.7493
2017-06-19,102.0856
2017-06-20,103.7185
2017-06-21,103.9141
2017-06-22,104.1836
2017-06-23,104.537
2017-06-26,103.5424
2017-06-27,100.5262
2017-06-28,100.3963
2017-06-29,98.3642
2017-06-30,97.8532
2017-07-03,96.4655
2017-07-04,96.3009
2017-07-05,97.1467
2017-07-06,98.3008
2017-07-07,98.0254
2017-07-10,97.9583
2017-07-11,97.4177
2017-07-12,97.2239
2017-07-13,97.1553
2017-07-14,98.0373
2017-07-17,100.6247
2017-07-18,99.9156
2017-07-19,98.5321
2017-07-20,97.654
2017-07-21,97.9191
2017-07-24,97.7964
2017-07-25,97.4217
2017-07-26,96.8006
2017-07-27,96.9508
2017-07-28,96.6772
2017-07-31,96.3482
2017-08-01,96.4721
2017-08-02,96.0019
2017-08-03,96.1093
2017-08-04,95.8631
2017-08-07,95.6031
2017-08-08,96.9392
2017-08-09,95.4692
2017-08-10,95.1836
2017-08-11,94.4094
2017-08-14,94.5754
2017-08-15,94.8403
2017-08-16,95.2369
2017-08-17,95.1483
2017-08-18,95.6898
2017-08-21,94.1107
2017-08-22,93.8658
2017-08-23,94.0345
2017-08-24,93.639
2017-08-25,94.1174
2017-08-28,92.9211
2017-08-29,92.1812
2017-08-30,92.0348
2017-08-31,91.819
2017-09-01,90.9059
2017-09-04,90.9881
2017-09-05,90.5186
2017-09-06,90.9479
2017-09-07,90.7269
2017-09-08,91.149
2017-09-11,90.2669
2017-09-12,90.2847
2017-09-13,90.2058
2017-09-14,91.4946
2017-09-15,91.8659
2017-09-18,91.182
2017-09-19,90.7595
2017-09-20,90.1642
2017-09-21,89.7016
2017-09-22,89.8213
2017-09-25,89.9271
2017-09-26,89.0828
2017-09-27,89.2581
2017-09-28,89.4681
2017-09-29,89.9743
2017-10-02,89.8471
2017-10-03,90.2203
2017-10-04,90.5371
2017-10-05,91.2836
2017-10-06,91.2323
2017-10-09,92.0177
2017-10-10,91.1731
2017-10-11,90.2874
2017-10-12,91.4121
2017-10-13,91.6608
2017-10-16,92.5595
2017-10-17,91.7502
2017-10-18,91.2709
2017-10-19,93.69
2017-10-20,93.838
2017-10-23,93.4544
2017-10-24,93.2882
2017-10-25,93.2279
2017-10-26,93.4223
2017-10-27,92.1964
2017-10-30,92.6621
2017-10-31,92.6005
2017-11-01,92.873
2017-11-02,92.8705
2017-11-03,93.3441
2017-11-06,93.7954
2017-11-07,93.5985
2017-11-08,93.7739
2017-11-09,93.4644
2017-11-10,94.8293
2017-11-13,95.0319
2017-11-14,94.1025
2017-11-15,93.2844
2017-11-16,94.5221
2017-11-17,94.597
2017-11-20,94.3634
2017-11-21,94.2571
2017-11-22,94.6396
2017-11-23,95.4675
2017-11-24,96.6653
2017-11-27,96.1409
2017-11-28,96.786
2017-11-29,97.9741
2017-11-30,99.5325
2017-12-01,97.7721
2017-12-04,97.3662
2017-12-05,96.8841
2017-12-06,96.9772
2017-12-07,96.4133
2017-12-08,96.6863
2017-12-11,97.2173
2017-12-12,97.6166
2017-12-13,98.2716
2017-12-14,97.3403
2017-12-15,97.801
2017-12-18,98.1128
2017-12-19,98.8076
2017-12-20,98.8821
2017-12-21,98.2908
2017-12-22,97.2753
2017-12-25,97.4755
2017-12-26,97.233
2017-12-27,97.6827
2017-12-28,96.7041
2017-12-29,96.7418
2018-01-01,96.8234
2018-01-02,95.6899
2018-01-03,96.4324
2018-01-04,95.8213
2018-01-05,96.2187
2018-01-08,95.0373
2018-01-09,95.9354
2018-01-10,96.2177
2018-01-11,97.3991
2018-01-12,97.3891
2018-01-15,97.845
2018-01-16,97.2721
2018-01-17,97.7568
2018-01-18,97.495
2018-01-19,97.4227
2018-01-22,97.6411
2018-01-23,97.0896
2018-01-24,97.2106
2018-01-25,95.6617
2018-01-26,95.9615
2018-01-29,95.2975
2018-01-30,96.4866
2018-01-31,95.4992
2018-02-01,95.0077
2018-02-02,94.8229
2018-02-05,94.8813
2018-02-06,95.4158
2018-02-07,93.699
2018-02-08,93.1782
2018-02-09,93.3142
2018-02-12,94.6683
2018-02-13,94.691
2018-02-14,94.8178
2018-02-15,94.5137
2018-02-16,93.9161
2018-02-19,94.5484
2018-02-20,94.3697
2018-02-21,94.4288
2018-02-22,94.9453
2018-02-23,93.4356
2018-02-26,93.3781
2018-02-27,95.5828
2018-02-28,95.2953
2018-03-01,94.1638
2018-03-02,94.8785
2018-03-05,94.9164
2018-03-06,93.8063
2018-03-07,94.3467
2018-03-08,93.0094
2018-03-09,93.3814
2018-03-12,94.4754
2018-03-13,94.9382
2018-03-14,95.1878
2018-03-15,94.5443
2018-03-16,93.9374
2018-03-19,93.8017
2018-03-20,95.1156
2018-03-21,95.3786
2018-03-22,95.1012
2018-03-23,94.2436
2018-03-26,95.1506
2018-03-27,95.5728
2018-03-28,95.4407
2018-03-29,95.4435
2018-03-30,95.9512
2018-04-02,95.5265
2018-04-03,96.6648
2018-04-04,96.4791
2018-04-05,96.2982
2018-04-06,95.4051
2018-04-09,95.3127
2018-04-10,95.8354
2018-04-11,96.4431
2018-04-12,96.4671
2018-04-13,96.5373
2018-04-16,96.6818
2018-04-17,97.7044
2018-04-18,97.0239
2018-04-19,97.326
2018-04-20,97.8107
2018-04-23,99.6563
2018-04-24,99.7725
2018-04-25,100.5677
2018-04-26,101.617
2018-04-27,102.6035
2018-04-30,102.9449
2018-05-01,102.855
2018-05-02,102.0889
2018-05-03,102.2456
2018-05-04,102.5259
2018-05-07,101.5875
2018-05-08,101.2158
2018-05-09,101.2796
2018-05-10,100.335
2018-05-11,99.8063
2018-05-14,99.6333
2018-05-15,99.5559
2018-05-16,100.0006
2018-05-17,101.7562
2018-05-18,101.5051
2018-05-21,100.6797
2018-05-22,100.8634
2018-05-23,101.1826
2018-05-24,100.8818
2018-05-25,100.7556
2018-05-28,100.6535
2018-05-29,100.8718
2018-05-30,99.7096
2018-05-31,101.0173
2018-06-01,101.476
2018-06-04,101.0304
2018-06-05,101.8722
2018-06-06,101.653
2018-06-07,103.1547
2018-06-08,103.1332
2018-06-11,103.9874
2018-06-12,104.8531
2018-06-13,103.4912
2018-06-14,103.7019
2018-06-15,103.0733
2018-06-18,102.4366
2018-06-19,102.7837
2018-06-20,103.9721
2018-06-21,105.0478
2018-06-22,104.5693
2018-06-25,104.8966
2018-06-26,104.9721
2018-06-27,104.8392
2018-06-28,104.5148
2018-06-29,104.3847
2018-07-02,103.7922
2018-07-03,103.4426
2018-07-04,103.8417
2018-07-05,103.5608
2018-07-06,103.9033
2018-07-09,105.2943
2018-07-10,105.6655
2018-07-11,106.0085
2018-07-12,105.3067
2018-07-13,106.1589
2018-07-16,106.7016
2018-07-17,106.8081
2018-07-18,106.314
2018-07-19,106.4071
2018-07-20,106.0974
2018-07-23,105.2448
2018-07-24,105.071
2018-07-25,103.9669
2018-07-26,102.9964
2018-07-27,103.4162
2018-07-30,103.9913
2018-07-31,103.3694
2018-08-01,103.4908
2018-08-02,103.5992
2018-08-03,102.0547
2018-08-06,103.0898
2018-08-07,102.4297
2018-08-08,102.5012
2018-08-09,102.6147
2018-08-10,102.2053
2018-08-13,102.3477
2018-08-14,102.6907
2018-08-15,102.3099
2018-08-16,102.0962
2018-08-17,101.591
2018-08-20,100.8469
2018-08-21,100.9413
2018-08-22,100.2958
2018-08-23,100.8517
2018-08-24,101.3345
2018-08-27,101.2297
2018-08-28,100.911
2018-08-29,101.8998
2018-08-30,101.0766
2018-08-31,100.896
2018-09-03,101.0583
2018-09-04,101.1161
2018-09-05,100.3963
2018-09-06,99.8715
2018-09-07,99.7217
2018-09-10,99.976
2018-09-11,100.4297
2018-09-12,100.4552
2018-09-13,101.2022
2018-09-14,100.8674
2018-09-17,101.2302
2018-09-18,101.9739
2018-09-19,101.5685
2018-09-20,102.1207
2018-09-21,101.1671
2018-09-24,101.303
2018-09-25,101.2458
2018-09-26,101.4063
2018-09-27,101.2466
2018-09-28,100.3648
2018-10-01,99.5684
2018-10-02,98.9258
2018-10-03,99.9745
2018-10-04,99.373
2018-10-05,99.0895
2018-10-08,99.0168
2018-10-09,98.2762
2018-10-10,98.594
2018-10-11,98.5445
2018-10-12,99.0617
2018-10-15,99.7103
2018-10-16,102.0655
2018-10-17,102.1415
2018-10-18,102.4878
2018-10-19,102.4498
2018-10-22,103.3931
2018-10-23,102.0624
2018-10-24,101.0916
2018-10-25,101.6084
2018-10-26,101.6946
2018-10-29,100.7092
2018-10-30,100.2475
2018-10-31,100.5299
2018-11-01,100.892
2018-11-02,100.6632
2018-11-05,100.5656
2018-11-06,100.2284
2018-11-07,100.5967
2018-11-08,100.6285
2018-11-09,101.995
2018-11-12,101.1887
2018-11-13,100.5984
2018-11-14,100.66
2018-11-15,101.1542
2018-11-16,102.4091
2018-11-19,102.8174
2018-11-20,102.8139
2018-11-21,103.3122
2018-11-22,103.524
2018-11-23,102.5249
2018-11-26,102.7784
2018-11-27,103.3786
2018-11-28,102.8861
2018-11-29,102.8826
2018-11-30,103.09
2018-12-03,102.5962
2018-12-04,101.9257
2018-12-05,101.8017
2018-12-06,101.726
2018-12-07,101.5272
2018-12-10,100.4946
2018-12-11,100.3268
2018-12-12,100.4611
2018-12-13,101.0809
2018-12-14,101.0984
2018-12-17,100.4035
2018-12-18,101.6497
2018-12-19,101.7745
2018-12-20,101.6731
2018-12-21,100.0726
2018-12-24,100.8911
2018-12-25,101.4863
2018-12-26,101.3756
2018-12-27,101.6607
2018-12-28,102.5531
2018-12-31,101.9498
2019-01-01,101.4599
2019-01-02,100.9342
2019-01-03,101.5442
2019-01-04,99.2184
2019-01-07,98.4206
2019-01-08,98.4218
2019-01-09,97.5361
2019-01-10,98.0856
2019-01-11,99.3454
2019-01-14,99.9572
2019-01-15,100.5124
2019-01-16,100.7129
2019-01-17,101.0558
2019-01-18,100.2883
2019-01-21,99.7014
2019-01-22,99.835
2019-01-23,96.8079
2019-01-24,96.8518
2019-01-25,97.6218
2019-01-28,98.6827
2019-01-29,97.8696
2019-01-30,97.8155
2019-01-31,97.698
2019-02-01,97.6044
2019-02-04,98.1556
2019-02-05,98.3155
2019-02-06,97.8905
2019-02-07,97.917
2019-02-08,97.8483
2019-02-11,98.6177
2019-02-12,99.0381
2019-02-13,97.7355
2019-02-14,98.0121
2019-02-15,97.0104
2019-02-18,96.354
2019-02-19,95.704
2019-02-20,95.5517
2019-02-21,93.8338
2019-02-22,93.8434
2019-02-25,93.0072
2019-02-26,92.6333
2019-02-27,90.9845
2019-02-28,91.0358
2019-03-01,91.3616
2019-03-04,92.1388
2019-03-05,92.9226
2019-03-06,93.2498
2019-03-07,93.6193
2019-03-08,93.7017
2019-03-11,93.405
2019-03-12,94.2108
2019-03-13,91.9992
2019-03-14,91.3542
2019-03-15,94.0126
2019-03-18,92.713
2019-03-19,92.0167
2019-03-20,90.6998
2019-03-21,92.2386
2019-03-22,92.2302
2019-03-25,97.1364
2019-03-26,94.4476
2019-03-27,93.509
2019-03-28,90.4168
2019-03-29,89.1956
2019-04-01,88.2345
2019-04-02,88.6136
2019-04-03,88.0661
2019-04-04,87.0529
2019-04-05,85.962
2019-04-08,87.3574
2019-04-09,85.9038
2019-04-10,88.2397
2019-04-11,84.463
2019-04-12,84.5712
2019-04-15,84.1508
2019-04-16,84.219
2019-04-17,83.7322
2019-04-18,84.7396
2019-04-19,82.8976
2019-04-22,82.2791
2019-04-23,84.8607
2019-04-24,84.9793
2019-04-25,85.1924
2019-04-26,84.5859
2019-04-29,85.1627
2019-04-30,85.7115
2019-05-01,86.0644
2019-05-02,86.0884
2019-05-03,85.8202
2019-05-06,85.1686
2019-05-07,85.2321
2019-05-08,86.4343
2019-05-09,86.6353
2019-05-10,87.5635
2019-05-13,87.1725
2019-05-14,88.8676
2019-05-15,89.2309
2019-05-16,89.5611
2019-05-17,89.3567
2019-05-20,89.3115
2019-05-21,88.3283
2019-05-22,88.0238
2019-05-23,88.2419
2019-05-24,88.7842
2019-05-27,88.652
2019-05-28,88.7181
2019-05-29,88.352
2019-05-30,87.5157
2019-05-31,88.8663
2019-06-03,89.893
2019-06-04,92.0271
2019-06-05,93.3445
2019-06-06,92.0569
2019-06-07,91.8082
2019-06-10,92.2825
2019-06-11,91.9136
2019-06-12,90.6084
2019-06-13,89.4162
2019-06-14,89.6567
2019-06-17,91.4628
2019-06-18,92.3866
2019-06-19,93.9413
2019-06-20,93.9313
2019-06-21,94.6627
2019-06-24,94.2905
2019-06-25,94.095
2019-06-26,93.8532
2019-06-27,94.0173
2019-06-28,94.0538
2019-07-01,94.631
2019-07-02,94.8951
2019-07-03,94.7616
2019-07-04,94.454
2019-07-05,94.991
2019-07-08,94.6696
2019-07-09,95.3884
2019-07-10,96.3243
2019-07-11,98.4046
2019-07-12,97.5615
2019-07-15,97.1848
2019-07-16,97.6991
2019-07-17,97.6031
2019-07-18,97.0262
2019-07-19,97.261
2019-07-22,96.8417
2019-07-23,96.6204
2019-07-24,96.2026
2019-07-25,95.7185
2019-07-26,95.9052
2019-07-29,95.9519
2019-07-30,96.6692
2019-07-31,96.617
2019-08-01,96.8193
2019-08-02,96.7565
2019-08-05,98.038
2019-08-06,98.0105
2019-08-07,97.2903
2019-08-08,97.339
2019-08-09,96.8369
2019-08-12,96.2214
2019-08-13,97.1634
2019-08-14,96.9325
2019-08-15,96.4007
2019-08-16,96.795
2019-08-19,96.6432
2019-08-20,96.3048
2019-08-21,95.4855
2019-08-22,95.5086
2019-08-23,95.6798
2019-08-26,96.1271
2019-08-27,95.7313
2019-08-28,95.0458
2019-08-29,94.5446
2019-08-30,94.795
2019-09-02,94.974
2019-09-03,95.009
2019-09-04,95.04
2019-09-05,95.6
2019-09-06,95.2534
2019-09-09,95.0366
2019-09-10,94.7745
2019-09-11,95.1494
2019-09-12,94.8425
2019-09-13,93.6759
2019-09-16,94.1256
2019-09-17,94.3664
2019-09-18,93.726
2019-09-19,93.5711
2019-09-20,93.2982
2019-09-23,93.5546
2019-09-24,93.6295
2019-09-25,93.9696
2019-09-26,94.4952
2019-09-27,93.0991
2019-09-30,93.8049
2019-10-01,94.0819
2019-10-02,94.8709
2019-10-03,95.2812
2019-10-04,94.1197
2019-10-07,93.2619
2019-10-08,93.42
2019-10-09,93.8862
2019-10-10,93.4429
2019-10-11,92.6436
2019-10-14,92.3079
2019-10-15,92.0265
2019-10-16,92.038
2019-10-17,92.8703
2019-10-18,93.4655
2019-10-21,93.2308
2019-10-22,94.0262
2019-10-23,94.4397
2019-10-24,95.7284
2019-10-25,95.7098
2019-10-28,95.8795
2019-10-29,95.9166
2019-10-30,95.8816
2019-10-31,96.2987
2019-11-01,96.7668
2019-11-04,95.6954
2019-11-05,95.69
2019-11-06,96.3502
2019-11-07,96.067
2019-11-08,95.3973
2019-11-11,95.2098
2019-11-12,95.2453
2019-11-13,96.2795
2019-11-14,96.5193
2019-11-15,96.0936
2019-11-18,95.4433
2019-11-19,94.4589
2019-11-20,93.941
2019-11-21,92.7538
2019-11-22,93.3538
2019-11-25,93.6885
2019-11-26,93.1418
2019-11-27,92.981
2019-11-28,93.6951
2019-11-29,95.2736
2019-12-02,94.9323
2019-12-03,96.2438
2019-12-04,96.11
2019-12-05,95.9365
2019-12-06,96.004
2019-12-09,94.9787
2019-12-10,94.0641
2019-12-11,94.2867
2019-12-12,94.4146
2019-12-13,94.3721
2019-12-16,94.7907
2019-12-17,94.1836
2019-12-18,93.2793
2019-12-19,92.0222
2019-12-20,92.7827
2019-12-23,93.0007
2019-12-24,93.1691
2019-12-25,93.323
2019-12-26,93.8003
2019-12-27,93.7532
2019-12-30,94.7104
2019-12-31,95.2806
2020-01-01,95.6603
2020-01-02,95.4783
2020-01-03,95.3296
2020-01-06,95.8439
2020-01-07,96.3996
2020-01-08,97.3942
2020-01-09,98.1701
2020-01-10,98.9836
2020-01-13,99.3764
2020-01-14,99.2459
2020-01-15,98.5642
2020-01-16,97.6833
2020-01-17,96.8755
2020-01-20,97.967
2020-01-21,97.3596
2020-01-22,97.5549
2020-01-23,97.6617
2020-01-24,98.613
2020-01-27,98.7456
2020-01-28,99.2792
2020-01-29,99.9743
2020-01-30,99.7395
2020-01-31,99.1328
2020-02-03,99.8471
2020-02-04,99.4313
2020-02-05,100.0988
2020-02-06,100.5074
2020-02-07,101.0466
2020-02-10,101.7747
2020-02-11,102.4393
2020-02-12,102.4365
2020-02-13,104.0691
2020-02-14,104.2108
2020-02-17,104.3485
2020-02-18,105.1839
2020-02-19,104.8441
2020-02-20,105.4215
2020-02-21,105.1394
2020-02-24,106.3367
2020-02-25,105.9725
2020-02-26,107.0139
2020-02-27,105.4042
2020-02-28,106.9195
2020-03-02,107.1113
2020-03-03,107.9008
2020-03-04,106.3875
2020-03-05,106.6653
2020-03-06,107.536
2020-03-09,107.0359
2020-03-10,106.8777
2020-03-11,107.1687
2020-03-12,107.2714
2020-03-13,108.034
2020-03-16,106.9412
2020-03-17,106.6321
2020-03-18,106.6322
2020-03-19,107.3669
2020-03-20,107.7937
2020-03-23,108.1206
2020-03-24,109.0258
2020-03-25,108.7273
2020-03-26,109.2434
2020-03-27,108.9182
2020-03-30,109.1372
2020-03-31,109.818
2020-04-01,110.5601
2020-04-02,109.7468
2020-04-03,109.4606
2020-04-06,109.3569
2020-04-07,109.6601
2020-04-08,109.8102
2020-04-09,109.6222
2020-04-10,110.6574
2020-04-13,110.6547
2020-04-14,110.2533
2020-04-15,109.6233
2020-04-16,109.1198
2020-04-17,110.5448
2020-04-20,110.4651
2020-04-21,111.2884
2020-04-22,111.4714
2020-04-23,112.8721
2020-04-24,112.5266
2020-04-27,113.5242
2020-04-28,113.6204
2020-04-29,113.7174
2020-04-30,113.7544
2020-05-01,113.7205
2020-05-04,113.4893
2020-05-05,114.1964
2020-05-06,115.9919
2020-05-07,115.1122
2020-05-08,115.2522
2020-05-11,115.1572
2020-05-12,116.3632
2020-05-13,115.4291
2020-05-14,115.9827
2020-05-15,114.906
2020-05-18,114.4985
2020-05-19,114.5163
2020-05-20,113.8586
2020-05-21,113.6872
2020-05-22,114.3662
2020-05-25,114.9158
2020-05-26,114.8419
2020-05-27,114.9249
2020-05-28,115.2183
2020-05-29,115.5397
2020-06-01,116.2818
2020-06-02,117.37
2020-06-03,117.3364
2020-06-04,118.3565
2020-06-05,117.7322
2020-06-08,117.4523
2020-06-09,117.9666
2020-06-10,117.9674
2020-06-11,117.8676
2020-06-12,116.7029
2020-06-15,116.7257
2020-06-16,117.1874
2020-06-17,117.333
2020-06-18,117.5191
2020-06-19,118.2354
2020-06-22,117.8392
2020-06-23,119.7414
2020-06-24,120.0162
2020-06-25,120.047
2020-06-26,119.5837
2020-06-29,120.1353
2020-06-30,119.7491
2020-07-01,119.0703
2020-07-02,119.4004
2020-07-03,119.3271
2020-07-06,118.3698
2020-07-07,118.6484
2020-07-08,116.9321
2020-07-09,115.9522
2020-07-10,116.7925
2020-07-13,117.4184
2020-07-14,118.1927
2020-07-15,116.8457
2020-07-16,115.6482
2020-07-17,115.1871
2020-07-20,115.5024
2020-07-21,115.1506
2020-07-22,115.316
2020-07-23,117.2933
2020-07-24,119.7992
2020-07-27,120.0558
2020-07-28,119.5308
2020-07-29,119.2483
2020-07-30,118.8408
2020-07-31,119.3517
2020-08-03,118.8121
2020-08-04,117.8563
2020-08-05,118.2233
2020-08-06,117.8815
2020-08-07,117.585
2020-08-10,117.1773
2020-08-11,117.9028
2020-08-12,117.2278
2020-08-13,115.7041
2020-08-14,116.4725
2020-08-17,117.4375
2020-08-18,117.9249
2020-08-19,118.2624
2020-08-20,118.1304
2020-08-21,118.4154
2020-08-24,118.7993
2020-08-25,118.1558
2020-08-26,119.0798
2020-08-27,119.5062
2020-08-28,118.453
2020-08-31,118.4994
2020-09-01,118.4205
2020-09-02,117.4672
2020-09-03,116.6736
2020-09-04,118.2091
2020-09-07,118.1547
2020-09-08,117.5002
2020-09-09,114.9055
2020-09-10,116.6068
2020-09-11,113.1834
2020-09-14,113.6323
2020-09-15,113.4948
2020-09-16,113.8828
2020-09-17,113.686
2020-09-18,113.9127
2020-09-21,114.2913
2020-09-22,115.3219
2020-09-23,114.2485
2020-09-24,113.3611
2020-09-25,112.3757
2020-09-28,113.3051
2020-09-29,113.3455
2020-09-30,112.5922
2020-10-01,111.8188
2020-10-02,112.4995
2020-10-05,111.6098
2020-10-06,112.1168
2020-10-07,111.6744
2020-10-08,111.5721
2020-10-09,111.6991
2020-10-12,111.2308
2020-10-13,111.3332
2020-10-14,110.8333
2020-10-15,111.4879
2020-10-16,111.2945
2020-10-19,112.0176
2020-10-20,112.0421
2020-10-21,113.036
2020-10-22,112.2648
2020-10-23,112.9933
2020-10-26,113.226
2020-10-27,113.3802
2020-10-28,112.3706
2020-10-29,113.3666
2020-10-30,113.1863
2020-11-02,112.703
2020-11-03,112.6744
2020-11-04,112.8814
2020-11-05,111.927
2020-11-06,112.5092
2020-11-09,112.2982
2020-11-10,111.9622
2020-11-11,111.2049
2020-11-12,111.0598
2020-11-13,110.8176
2020-11-16,109.8347
2020-11-17,110.7736
2020-11-18,111.2389
2020-11-19,111.7819
2020-11-20,112.4946
2020-11-23,113.6519
2020-11-24,113.8853
2020-11-25,114.8659
2020-11-26,115.383
2020-11-27,113.8695
2020-11-30,113.9945
2020-12-01,113.8977
2020-12-02,113.4299
2020-12-03,114.3146
2020-12-04,113.909
2020-12-07,114.1997
2020-12-08,114.539
2020-12-09,113.2667
2020-12-10,113.3325
2020-12-11,113.049
2020-12-14,114.3475
2020-12-15,114.7535
2020-12-16,114.5158
2020-12-17,115.0547
2020-12-18,114.6407
2020-12-21,116.1412
2020-12-22,115.8756
2020-12-23,116.3611
2020-12-24,117.0855
2020-12-25,116.9953
2020-12-28,117.8458
2020-12-29,118.2901
2020-12-30,118.6211
2020-12-31,119.3198
2021-01-01,119.0081
2021-01-04,118.641
2021-01-05,117.742
2021-01-06,117.8551
2021-01-07,119.3448
2021-01-08,120.1114
2021-01-11,120.0482
2021-01-12,120.1436
2021-01-13,119.7652
2021-01-14,119.4127
2021-01-15,119.8743
2021-01-18,120.4605
2021-01-19,119.9495
2021-01-20,120.3163
2021-01-21,120.4961
2021-01-22,119.8622
2021-01-25,119.6741
2021-01-26,119.1622
2021-01-27,118.2876
2021-01-28,117.2499
2021-01-29,116.6763
2021-02-01,118.7029
2021-02-02,117.9622
2021-02-03,117.3441
2021-02-04,115.3044
2021-02-05,115.4681
2021-02-08,117.8348
2021-02-09,118.1676
2021-02-10,118.1348
2021-02-11,117.5433
2021-02-12,118.7603
2021-02-15,119.464
2021-02-16,120.0291
2021-02-17,121.4304
2021-02-18,120.9366
2021-02-19,120.5045
2021-02-22,121.1038
2021-02-23,120.4321
2021-02-24,120.7431
2021-02-25,119.7686
2021-02-26,117.9599
2021-03-01,118.5666
2021-03-02,119.6117
2021-03-03,118.7213
2021-03-04,118.5362
2021-03-05,118.424
2021-03-08,118.1874
2021-03-09,115.0644
2021-03-10,114.646
2021-03-11,114.9319
2021-03-12,115.4586
2021-03-15,115.0138
2021-03-16,116.0597
2021-03-17,115.9501
2021-03-18,116.8996
2021-03-19,116.9591
2021-03-22,116.7066
2021-03-23,115.7787
2021-03-24,114.9702
2021-03-25,114.3376
2021-03-26,115.1186
2021-03-29,112.2866
2021-03-30,112.741
2021-03-31,112.992
2021-04-01,112.5613
2021-04-02,113.3183
2021-04-05,112.0336
2021-04-06,111.4118
2021-04-07,113.0836
2021-04-08,113.2756
2021-04-09,113.3767
2021-04-12,112.3599
2021-04-13,112.322
2021-04-14,111.758
2021-04-15,112.5268
2021-04-16,111.9749
2021-04-19,111.7663
2021-04-20,111.8262
2021-04-21,111.6838
2021-04-22,111.4981
2021-04-23,111.5457
2021-04-26,111.9168
2021-04-27,111.2923
2021-04-28,112.0285
2021-04-29,112.6738
2021-04-30,110.9244
2021-05-03,111.3602
2021-05-04,111.4968
2021-05-05,111.8104
2021-05-06,112.133
2021-05-07,112.5128
2021-05-10,111.4252
2021-05-11,113.5603
2021-05-12,113.4333
2021-05-13,111.4175
2021-05-14,110.6996
2021-05-17,111.4842
2021-05-18,112.2629
2021-05-19,112.9607
2021-05-20,111.7631
2021-05-21,111.968
2021-05-24,113.1626
2021-05-25,113.5529
2021-05-26,113.4135
2021-05-27,112.6714
2021-05-28,113.6371
2021-05-31,113.5676
2021-06-01,113.7499
2021-06-02,114.2858
2021-06-03,114.4695
2021-06-04,114.017
2021-06-07,114.116
2021-06-08,113.7293
2021-06-09,112.9605
2021-06-10,113.205
2021-06-11,113.6781
2021-06-14,114.1814
2021-06-15,113.9307
2021-06-16,113.7315
2021-06-17,114.1516
2021-06-18,115.1337
2021-06-21,116.1709
2021-06-22,117.3593
2021-06-23,116.9909
2021-06-24,117.06
2021-06-25,117.559
2021-06-28,116.6057
2021-06-29,117.6572
2021-06-30,117.2246
2021-07-01,118.0157
2021-07-02,117.7624
2021-07-05,120.143
2021-07-06,121.3782
2021-07-07,123.1225
2021-07-08,124.8708
2021-07-09,124.3111
2021-07-12,125.6736
2021-07-13,125.3029
2021-07-14,125.435
2021-07-15,124.3318
2021-07-16,124.5766
2021-07-19,122.9378
2021-07-20,123.2759
2021-07-21,123.1511
2021-07-22,122.0705
2021-07-23,121.8445
2021-07-26,119.7376
2021-07-27,120.2981
2021-07-28,119.8003
2021-07-29,117.7559
2021-07-30,120.0371
2021-08-02,120.4505
2021-08-03,120.5189
2021-08-04,123.1753
2021-08-05,124.8862
2021-08-06,127.5697
2021-08-09,127.0417
2021-08-10,126.2937
2021-08-11,130.8571
2021-08-12,131.5397
2021-08-13,133.5457
2021-08-16,134.8032
2021-08-17,134.3872
2021-08-18,141.5201
2021-08-19,143.6949
2021-08-20,143.667
2021-08-23,143.551
2021-08-24,140.1355
2021-08-25,138.3667
2021-08-26,142.2713
2021-08-27,140.5838
2021-08-30,136.14
2021-08-31,137.5703
2021-09-01,137.435
2021-09-02,140.0638
2021-09-03,142.6126
2021-09-06,142.8316
2021-09-07,139.6122
2021-09-08,138.5461
2021-09-09,137.4724
2021-09-10,138.2316
2021-09-13,139.7891
2021-09-14,139.7842
2021-09-15,143.1457
2021-09-16,141.9311
2021-09-17,140.3609
2021-09-20,142.4255
2021-09-21,141.6752
2021-09-22,142.5329
2021-09-23,142.7369
2021-09-24,141.8778
2021-09-27,142.8454
2021-09-28,143.4619
2021-09-29,145.6917
2021-09-30,145.4245
2021-10-01,145.717
2021-10-04,146.5125
2021-10-05,146.9022
2021-10-06,145.0515
2021-10-07,144.1691
2021-10-08,143.0049
2021-10-11,142.3809
2021-10-12,141.2281
2021-10-13,141.1604
2021-10-14,141.948
2021-10-15,142.2879
2021-10-18,142.9329
2021-10-19,143.2617
2021-10-20,143.0012
2021-10-21,142.5552
2021-10-22,142.7164
2021-10-25,143.3571
2021-10-26,143.9107
2021-10-27,144.683
2021-10-28,144.5678
2021-10-29,144.0384
2021-11-01,144.5416
2021-11-02,143.4442
2021-11-03,143.1717
2021-11-04,143.3493
2021-11-05,143.7268
2021-11-08,143.9788
2021-11-09,148.3737
2021-11-10,147.8159
2021-11-11,148.1418
2021-11-12,148.541
2021-11-15,148.78
2021-11-16,149.3297
2021-11-17,147.646
2021-11-18,149.6421
2021-11-19,149.7373
2021-11-22,149.2346
2021-11-23,149.8881
2021-11-24,149.3601
2021-11-25,149.366
2021-11-26,149.1178
2021-11-29,148.6989
2021-11-30,151.3829
2021-12-01,150.9218
2021-12-02,150.9584
2021-12-03,150.7926
2021-12-06,150.3212
2021-12-07,150.6434
2021-12-08,149.7806
2021-12-09,150.0776
2021-12-10,149.9008
2021-12-13,149.3958
2021-12-14,148.9215
2021-12-15,148.2686
2021-12-16,147.8353
2021-12-17,147.3618
2021-12-20,147.1816
2021-12-21,146.8716
2021-12-22,146.7583
2021-12-23,146.2715
2021-12-24,147.5798
2021-12-27,147.1724
2021-12-28,147.4981
2021-12-29,147.9394
2021-12-30,147.6258
2021-12-31,153.051
2022-01-03,152.6436
2022-01-04,150.9439
2022-01-05,150.8693
2022-01-06,149.2359
2022-01-07,148.9903
2022-01-10,148.7098
2022-01-11,149.5824
2022-01-12,149.1582
2022-01-13,148.8918
2022-01-14,150.0551
2022-01-17,150.0468
2022-01-18,150.0015
2022-01-19,149.7498
2022-01-20,149.9701
2022-01-21,148.0643
2022-01-24,148.6565
2022-01-25,150.9485
2022-01-26,151.1417
2022-01-27,148.3482
2022-01-28,149.2292
2022-01-31,148.2086
2022-02-01,148.9387
2022-02-02,149.7612
2022-02-03,149.7492
2022-02-04,149.0354
2022-02-07,147.5665
2022-02-08,149.2055
2022-02-09,149.1049
2022-02-10,151.9229
2022-02-11,153.0526
2022-02-14,150.9085
2022-02-15,150.1106
2022-02-16,151.2667
2022-02-17,152.8391
2022-02-18,155.7173
2022-02-21,152.555
2022-02-22,156.3427
2022-02-23,155.2124
2022-02-24,150.4508
2022-02-25,150.1834
2022-02-28,146.9329
2022-03-01,146.3329
2022-03-02,148.3057
2022-03-03,137.9956
2022-03-04,140.3107
2022-03-07,141.4084
2022-03-08,141.759
2022-03-09,143.3645
2022-03-10,145.5281
2022-03-11,144.7975
2022-03-14,144.7632
2022-03-15,144.5381
2022-03-16,143.1885
2022-03-17,141.3775
2022-03-18,143.3401
2022-03-21,144.4945
2022-03-22,146.0892
2022-03-23,147.6111
2022-03-24,146.9298
2022-03-25,144.8905
2022-03-28,148.1521
2022-03-29,148.2582
2022-03-30,149.8103
2022-03-31,149.4769
2022-04-01,148.7373
2022-04-04,149.9256
2022-04-05,149.4568
2022-04-06,149.4101
2022-04-07,149.7638
2022-04-08,149.9693
2022-04-11,152.1767
2022-04-12,151.5658
2022-04-13,152.3487
2022-04-14,153.1531
2022-04-15,151.3679
2022-04-18,151.6852
2022-04-19,150.6642
2022-04-20,151.5235
2022-04-21,151.745
2022-04-22,151.0674
2022-04-25,151.841
2022-04-26,151.6745
2022-04-27,151.9841
2022-04-28,153.3301
2022-04-29,153.0197
2022-05-02,153.7462
2022-05-03,154.6814
2022-05-04,154.8211
2022-05-05,156.3155
2022-05-06,156.4216
2022-05-09,156.347
2022-05-10,156.9772
2022-05-11,158.9917
2022-05-12,158.8786
2022-05-13,157.9423
2022-05-16,156.8629
2022-05-17,156.0783
2022-05-18,157.1088
2022-05-19,156.7984
2022-05-20,160.444
2022-05-23,160.2717
2022-05-24,158.8628
2022-05-25,163.2571
2022-05-26,163.7379
2022-05-27,160.2348
2022-05-30,155.0451
2022-05-31,155.3949
2022-06-01,156.4713
2022-06-02,157.0697
2022-06-03,157.1614
2022-06-06,156.1098
2022-06-07,155.8688
2022-06-08,155.4896
2022-06-09,155.5216
2022-06-10,155.5485
2022-06-13,156.4983
2022-06-14,157.2784
2022-06-15,153.537
2022-06-16,154.6678
2022-06-17,152.7573
2022-06-20,152.5169
2022-06-21,151.2185
2022-06-22,151.6737
2022-06-23,151.1731
2022-06-24,155.9312
2022-06-27,156.4847
2022-06-28,155.9715
2022-06-29,156.3091
2022-06-30,155.5514
2022-07-01,156.1613
2022-07-04,154.0234
2022-07-05,153.8121
2022-07-06,155.0054
2022-07-07,154.643
2022-07-08,154.1255
2022-07-11,154.8516
2022-07-12,153.7562
2022-07-13,154.056
2022-07-14,154.2687
2022-07-15,155.1402
2022-07-18,154.9432
2022-07-19,155.8247
2022-07-20,159.8861
2022-07-21,159.2572
2022-07-22,159.5447
2022-07-25,159.5505
2022-07-26,159.221
2022-07-27,158.9456
2022-07-28,158.0773
2022-07-29,158.7632
2022-08-01,160.0096
2022-08-02,160.8229
2022-08-03,159.6336
2022-08-04,160.2574
2022-08-05,159.9329
2022-08-08,159.9022
2022-08-09,160.1446
2022-08-10,160.1339
2022-08-11,159.2402
2022-08-12,160.0004
2022-08-15,160.3815
2022-08-16,160.6485
2022-08-17,160.1476
2022-08-18,160.5691
2022-08-19,161.5908
2022-08-22,160.695
2022-08-23,159.1497
2022-08-24,158.4881
2022-08-25,156.8389
2022-08-26,156.3358
2022-08-29,155.4307
2022-08-30,157.4226
2022-08-31,156.739
2022-09-01,155.9346
2022-09-02,156.0798
2022-09-05,156.7567
2022-09-06,157.2007
2022-09-07,157.9063
2022-09-08,157.6307
2022-09-09,158.3681
2022-09-12,158.5281
2022-09-13,157.5113
2022-09-14,159.8621
2022-09-15,159.56
2022-09-16,160.6175
2022-09-19,161.0023
2022-09-20,160.5517
2022-09-21,158.0013
2022-09-22,158.0621
2022-09-23,156.9561
2022-09-26,157.7027
2022-09-27,157.7905
2022-09-28,158.2811
2022-09-29,152.9861
2022-09-30,151.1753
2022-10-03,149.6717
2022-10-04,150.6267
2022-10-05,152.3259
2022-10-06,153.0904
2022-10-07,153.6508
2022-10-10,153.2291
2022-10-11,153.4118
2022-10-12,152.5983
2022-10-13,152.9385
2022-10-14,153.0419
2022-10-17,158.0309
2022-10-18,157.1837
2022-10-19,157.7031
2022-10-20,157.132
2022-10-21,157.9321
2022-10-24,158.1583
2022-10-25,158.6242
2022-10-26,158.9847
2022-10-27,159.2793
2022-10-28,160.5554
2022-10-31,159.4203
2022-11-01,159.5571
2022-11-02,159.1835
2022-11-03,158.3758
2022-11-04,156.0181
2022-11-07,154.8932
2022-11-08,155.7456
2022-11-09,156.5022
2022-11-10,155.0104
2022-11-11,156.1227
2022-11-14,156.0285
2022-11-15,156.1797
2022-11-16,155.8112
2022-11-17,156.0412
2022-11-18,155.4651
2022-11-21,156.2055
2022-11-22,155.4808
2022-11-23,155.2268
2022-11-24,155.477
2022-11-25,155.1223
2022-11-28,153.7069
2022-11-29,154.4408
2022-11-30,154.2152
2022-12-01,155.4487
2022-12-02,155.964
2022-12-05,159.7592
2022-12-06,159.9392
2022-12-07,157.2972
2022-12-08,156.2497
2022-12-09,156.5234
2022-12-12,156.5317
2022-12-13,156.6231
2022-12-14,153.6989
2022-12-15,155.4646
2022-12-16,153.821
2022-12-19,156.2367
2022-12-20,156.7155
2022-12-21,156.2269
2022-12-22,155.3574
2022-12-23,152.6278
2022-12-26,150.1842
2022-12-27,149.6911
2022-12-28,150.319
2022-12-29,149.8457
2022-12-30,149.0273
2023-01-02,149.0534
2023-01-03,149.1533
2023-01-04,149.1716
2023-01-05,149.0502
2023-01-06,148.1152
2023-01-09,148.8252
2023-01-10,149.7376
2023-01-11,149.8259
2023-01-12,149.9012
2023-01-13,149.977
2023-01-16,150.1617
2023-01-17,149.866
2023-01-18,151.2957
2023-01-19,150.3207
2023-01-20,148.6023
2023-01-23,149.9553
2023-01-24,150.2839
2023-01-25,151.5858
2023-01-26,153.4598
2023-01-27,153.0318
2023-01-30,151.8103
2023-01-31,155.0528
2023-02-01,155.9941
2023-02-02,156.3364
2023-02-03,155.2789
2023-02-06,153.09
2023-02-07,152.3632
2023-02-08,157.4027
2023-02-09,153.1157
2023-02-10,154.5779
2023-02-13,154.8812
2023-02-14,150.0462
2023-02-15,149.9811
2023-02-16,151.2076
2023-02-17,150.1475
2023-02-20,150.9437
2023-02-21,150.686
2023-02-22,150.6587
2023-02-23,149.7972
2023-02-24,149.7283
2023-02-27,152.3397
2023-02-28,152.9492
2023-03-01,152.8297
2023-03-02,152.9554
2023-03-03,155.3432
2023-03-06,154.8156
2023-03-07,154.4549
2023-03-08,154.8591
2023-03-09,152.7766
2023-03-10,152.7791
2023-03-13,152.3971
2023-03-14,152.4557
2023-03-15,152.8334
2023-03-16,155.874
2023-03-17,155.7057
2023-03-20,155.4707
2023-03-21,155.8233
2023-03-22,156.8049
2023-03-23,156.4271
2023-03-24,156.5769
2023-03-27,155.7405
2023-03-28,155.597
2023-03-29,154.8243
2023-03-30,155.9398
2023-03-31,158.3028
2023-04-03,156.1814
2023-04-04,155.0456
2023-04-05,156.4005
2023-04-06,156.1285
2023-04-07,155.9698
2023-04-10,157.8781
2023-04-11,159.686
2023-04-12,159.7794
2023-04-13,159.6275
2023-04-14,160.5637
2023-04-17,160.6653
2023-04-18,162.1935
2023-04-19,163.7683
2023-04-20,164.6545
2023-04-21,165.1399
2023-04-24,167.923
2023-04-25,168.0406
2023-04-26,167.9681
2023-04-27,170.1468
2023-04-28,169.8238
2023-05-01,170.0287
2023-05-02,169.7908
2023-05-03,170.3159
2023-05-04,168.2639
2023-05-05,168.4666
2023-05-08,169.5526
2023-05-09,169.3786
2023-05-10,170.1827
2023-05-11,170.2433
2023-05-12,170.6847
2023-05-15,170.301
2023-05-16,169.568
2023-05-17,169.2376
2023-05-18,169.2764
2023-05-19,170.3633
2023-05-22,172.4493
2023-05-23,174.7329
2023-05-24,172.5109
2023-05-25,171.8735
2023-05-26,173.0568
2023-05-29,173.5561
2023-05-30,173.0169
2023-05-31,173.2654
2023-06-01,174.0019
2023-06-02,174.2087
2023-06-05,175.3274
2023-06-06,175.8279
2023-06-07,175.6586
2023-06-08,176.0385
2023-06-09,175.0285
2023-06-12,175.9181
2023-06-13,174.8496
2023-06-14,172.5533
2023-06-15,171.3903
2023-06-16,172.8663
2023-06-19,174.5569
2023-06-20,175.1372
2023-06-21,175.4959
2023-06-22,173.3388
2023-06-23,172.5273
2023-06-26,172.9818
2023-06-27,172.4405
2023-06-28,169.2074
2023-06-29,170.09
2023-06-30,169.4001
2023-07-03,169.2664
2023-07-04,170.4178
2023-07-05,170.2534
2023-07-06,171.5382
2023-07-07,172.4701
2023-07-10,172.0245
2023-07-11,171.689
2023-07-12,172.5652
2023-07-13,172.3797
2023-07-14,172.6091
2023-07-17,171.2738
2023-07-18,171.3199
2023-07-19,170.1918
2023-07-20,169.9607
2023-07-21,170.6928
2023-07-24,171.8406
2023-07-25,170.2139
2023-07-26,171.3403
2023-07-27,171.0592
2023-07-28,170.278
2023-07-31,170.7903
2023-08-01,170.3112
2023-08-02,171.9587
2023-08-03,169.3952
2023-08-04,168.0654
2023-08-07,168.0027
2023-08-08,167.6981
2023-08-09,166.9087
2023-08-10,169.9378
2023-08-11,170.3825
2023-08-14,170.059
2023-08-15,168.5042
2023-08-16,168.8481
2023-08-17,170.7821
2023-08-18,170.9534
2023-08-21,169.9834
2023-08-22,168.6391
2023-08-23,167.393
2023-08-24,165.6036
2023-08-25,166.4869
2023-08-28,168.2092
2023-08-29,166.801
2023-08-30,167.0545
2023-08-31,167.33
2023-09-01,166.5494
2023-09-04,166.7078
2023-09-05,166.5724
2023-09-06,167.4037
2023-09-07,167.6218
2023-09-08,167.1221
2023-09-11,166.0245
2023-09-12,165.4802
2023-09-13,165.5495
2023-09-14,167.3876
2023-09-15,166.5141
2023-09-18,165.8744
2023-09-19,167.4096
2023-09-20,168.4298
2023-09-21,169.955
2023-09-22,169.9195
2023-09-25,169.8352
2023-09-26,169.757
2023-09-27,169.3726
2023-09-28,169.2445
2023-09-29,170.6296
2023-10-02,169.6385
2023-10-03,170.3401
2023-10-04,168.9318
2023-10-05,168.9345
2023-10-06,167.4296
2023-10-09,167.6176
2023-10-10,167.9759
2023-10-11,168.0787
2023-10-12,168.2005
2023-10-13,168.3306
2023-10-16,170.1612
2023-10-17,170.4267
2023-10-18,170.0643
2023-10-19,172.4043
2023-10-20,172.1599
2023-10-23,170.7058
2023-10-24,170.4305
2023-10-25,171.2311
2023-10-26,171.8254
2023-10-27,173.6574
2023-10-30,172.283
2023-10-31,171.5291
2023-11-01,176.1451
2023-11-02,177.0001
2023-11-03,176.0372
2023-11-06,176.7067
2023-11-07,177.9604
2023-11-08,179.7745
2023-11-09,180.9788
2023-11-10,182.1125
2023-11-13,182.7886
2023-11-14,182.0193
2023-11-15,181.1524
2023-11-16,181.3598
2023-11-17,183.8479
2023-11-20,183.3783
2023-11-21,183.5107
2023-11-22,181.6215
2023-11-23,183.2029
2023-11-24,183.5678
2023-11-27,182.1945
2023-11-28,180.9054
2023-11-29,182.5146
2023-11-30,183.7314
2023-12-01,184.581
2023-12-04,185.4799
2023-12-05,183.9666
2023-12-06,184.3825
2023-12-07,182.6856
2023-12-08,182.2061
2023-12-11,183.0206
2023-12-12,181.1661
2023-12-13,180.2372
2023-12-14,179.497
2023-12-15,180.0678
2023-12-18,181.2693
2023-12-19,182.5041
2023-12-20,185.6825
2023-12-21,186.6312
2023-12-22,187.3385
2023-12-25,185.764
2023-12-26,185.576
2023-12-27,185.4708
2023-12-28,187.5401
2023-12-29,186.3267
2024-01-01,184.4253
2024-01-02,183.7214
2024-01-03,182.2365
2024-01-04,182.4121
2024-01-05,181.8624
2024-01-08,182.5991
2024-01-09,181.9322
2024-01-10,182.3806
2024-01-11,182.1203
2024-01-12,182.9736
2024-01-15,184.8108
2024-01-16,184.3791
2024-01-17,185.6058
2024-01-18,185.4268
2024-01-19,186.2377
2024-01-22,186.1402
2024-01-23,187.2925
2024-01-24,185.0297
2024-01-25,185.4166
2024-01-26,186.8651
2024-01-29,189.5021
2024-01-30,189.5674
2024-01-31,188.827
2024-02-01,186.4434
2024-02-02,187.2766
2024-02-05,187.3836
2024-02-06,187.7628
2024-02-07,188.1629
2024-02-08,184.406
2024-02-09,184.6285
2024-02-12,184.8993
2024-02-13,185.3934
2024-02-14,182.362
2024-02-15,184.5256
2024-02-16,185.8586
2024-02-19,186.4955
2024-02-20,187.2562
2024-02-21,186.9809
2024-02-22,188.0651
2024-02-23,188.0609
2024-02-26,187.9453
2024-02-27,190.1859
2024-02-28,190.6275
2024-02-29,191.6095
2024-03-01,193.3923
2024-03-04,192.8095
2024-03-05,192.6515
2024-03-06,193.4049
2024-03-07,193.7524
2024-03-08,191.9547
2024-03-11,191.8195
2024-03-12,191.8303
2024-03-13,193.1648
2024-03-14,192.53
2024-03-15,190.8339
2024-03-18,191.2252
2024-03-19,191.7615
2024-03-20,188.2364
2024-03-21,188.7702
2024-03-22,189.8202
2024-03-25,192.1315
2024-03-26,192.391
2024-03-27,193.3019
2024-03-28,192.8715
2024-03-29,194.9324
2024-04-01,195.5442
2024-04-02,197.4942
2024-04-03,197.1573
2024-04-04,197.4661
2024-04-05,198.2637
2024-04-08,198.6918
2024-04-09,198.0723
2024-04-10,197.3416
2024-04-11,200.1839
2024-04-12,202.1212
2024-04-15,201.5876
2024-04-16,202.8846
2024-04-17,202.6848
2024-04-18,202.715
2024-04-19,202.7719
2024-04-22,200.0623
2024-04-23,201.6017
2024-04-24,199.7464
2024-04-25,199.2211
2024-04-26,197.9668
2024-04-29,198.6159
2024-04-30,199.5565
2024-05-01,201.4004
2024-05-02,202.526
2024-05-03,202.623
2024-05-06,201.4628
2024-05-07,202.547
2024-05-08,204.0632
2024-05-09,203.444
2024-05-10,203.993
2024-05-13,201.3365
2024-05-14,202.0508
2024-05-15,202.7976
2024-05-16,206.1924
2024-05-17,204.1868
2024-05-20,203.6605
2024-05-21,200.1766
2024-05-22,199.5258
2024-05-23,197.9968
2024-05-24,198.1127
2024-05-27,197.8963
2024-05-28,199.4141
2024-05-29,199.2172
2024-05-30,193.843
2024-05-31,190.6804
2024-06-03,191.5611
2024-06-04,189.7747
2024-06-05,186.9875
2024-06-06,188.8908
2024-06-07,190.3621
2024-06-10,190.2258
2024-06-11,191.6484
2024-06-12,188.4718
2024-06-13,192.5123
2024-06-14,194.0825
2024-06-17,197.4944
2024-06-18,197.1604
2024-06-19,200.9391
2024-06-20,206.1175
2024-06-21,209.0635
2024-06-24,204.8495
2024-06-25,204.6944
2024-06-26,203.0631
2024-06-27,201.796
2024-06-28,202.4507
2024-07-01,199.347
2024-07-02,202.7925
2024-07-03,204.3744
2024-07-04,204.0564
2024-07-05,202.5659
2024-07-08,202.5027
2024-07-09,196.8144
2024-07-10,195.9734
2024-07-11,198.7517
2024-07-12,201.2927
2024-07-15,201.3294
2024-07-16,205.7802
2024-07-17,213.7322
2024-07-18,215.2641
2024-07-19,215.4756
2024-07-22,219.0213
2024-07-23,219.1903
2024-07-24,222.1772
2024-07-25,224.1041
2024-07-26,233.4715
2024-07-29,236.0453
2024-07-30,237.2219
2024-07-31,236.4438
2024-08-01,236.2881
2024-08-02,233.5498
2024-08-05,235.479
2024-08-06,234.0819
2024-08-07,230.7303
2024-08-08,233.4118
2024-08-09,231.4707
2024-08-12,229.0983
2024-08-13,232.342
2024-08-14,228.8129
2024-08-15,232.117
2024-08-16,230.9395
2024-08-19,228.2949
2024-08-20,230.7503
2024-08-21,230.6337
2024-08-22,228.9723
2024-08-23,229.9497
2024-08-26,230.1361
2024-08-27,230.5737
2024-08-28,227.1281
2024-08-29,224.4631
2024-08-30,227.6088
2024-09-02,230.0185
2024-09-03,229.1671
2024-09-04,230.3073
2024-09-05,226.3432
2024-09-06,229.7263
2024-09-09,230.3971
2024-09-10,232.0931
2024-09-11,231.0904
2024-09-12,235.6647
2024-09-13,237.4626
2024-09-16,242.0418
2024-09-17,240.558
2024-09-18,238.8124
2024-09-19,237.8024
2024-09-20,238.9174
2024-09-23,236.8381
2024-09-24,238.3093
2024-09-25,238.3932
2024-09-26,237.937
2024-09-27,238.4546
2024-09-30,238.8377
2024-10-01,236.726
2024-10-02,237.3527
2024-10-03,236.731
2024-10-04,234.547
2024-10-07,233.7248
2024-10-08,234.8744
2024-10-09,233.9846
2024-10-10,230.8403
2024-10-11,232.0582
2024-10-14,229.3612
2024-10-15,229.5483
2024-10-16,230.6929
2024-10-17,230.3385
2024-10-18,229.5951
2024-10-21,225.3211
2024-10-22,223.4315
2024-10-23,222.229
2024-10-24,222.1086
2024-10-25,222.9151
2024-10-28,221.8935
2024-10-29,221.0665
2024-10-30,220.2699
2024-10-31,220.259
2024-11-01,218.4027
2024-11-04,222.1256
2024-11-05,221.4588
2024-11-06,221.849
2024-11-07,222.68
2024-11-08,222.0453
2024-11-11,220.2778
2024-11-12,219.4551
2024-11-13,220.1308
2024-11-14,221.142
2024-11-15,223.3436
2024-11-18,224.6701
2024-11-19,225.4798
2024-11-20,226.4683
2024-11-21,226.3697
2024-11-22,226.5118
2024-11-25,226.3562
2024-11-26,225.3481
2024-11-27,226.2933
2024-11-28,227.3089
2024-11-29,226.4712
2024-12-02,224.6328
2024-12-03,223.0925
2024-12-04,224.1017
2024-12-05,228.1258
2024-12-06,227.4253
2024-12-09,229.9245
2024-12-10,228.5788
2024-12-11,228.445
2024-12-12,230.6636
2024-12-13,230.2729
2024-12-16,229.9539
2024-12-17,229.4624
2024-12-18,229.596
2024-12-19,229.7963
2024-12-20,227.9373
2024-12-23,228.5228
2024-12-24,231.8303
2024-12-25,233.4857
2024-12-26,236.4206
2024-12-27,235.7869
2024-12-30,237.4471
2024-12-31,236.4435
2025-01-01,234.8143
2025-01-02,234.4032
2025-01-03,232.1349
2025-01-06,233.4737
2025-01-07,229.242
2025-01-08,230.6244
2025-01-09,232.0045
2025-01-10,232.651
2025-01-13,233.1719
2025-01-14,233.7109
2025-01-15,232.9111
2025-01-16,231.6585
2025-01-17,232.3813
2025-01-20,233.3386
2025-01-21,231.8671
2025-01-22,232.3273
2025-01-23,232.3676
2025-01-24,235.6189
2025-01-27,236.5517
2025-01-28,236.1964
2025-01-29,234.3601
2025-01-30,235.8395
2025-01-31,236.976
2025-02-03,235.4803
2025-02-04,237.3978
2025-02-05,238.2571
2025-02-06,236.2958
2025-02-07,234.5644
2025-02-10,236.9477
2025-02-11,236.6654
2025-02-12,232.091
2025-02-13,232.9779
2025-02-14,233.9673
2025-02-17,234.8914
2025-02-18,236.5178
2025-02-19,234.3277
2025-02-20,235.4705
2025-02-21,234.2488
2025-02-24,235.6423
2025-02-25,232.5244
2025-02-26,231.4308
2025-02-27,229.2806
2025-02-28,231.2499
2025-03-03,230.6896
2025-03-04,229.2529
2025-03-05,229.8364
2025-03-06,228.5429
2025-03-07,232.4387
2025-03-10,233.6921
2025-03-11,233.5128
2025-03-12,233.6611
2025-03-13,232.1976
2025-03-14,233.101
2025-03-17,234.0034
2025-03-18,234.0595
2025-03-19,235.5877
2025-03-20,238.1778
2025-03-21,237.1634
2025-03-24,235.1329
2025-03-25,235.2614
2025-03-26,234.6579
2025-03-27,235.448
2025-03-28,234.8209
2025-03-31,235.4144
2025-04-01,233.7318
2025-04-02,234.1768
2025-04-03,235.6363
2025-04-04,235.6066
2025-04-07,235.8012
2025-04-08,236.5353
2025-04-09,236.3781
2025-04-10,236.4477
2025-04-11,237.5589
2025-04-14,236.6978
2025-04-15,242.0062
2025-04-16,240.7511
2025-04-17,240.5706
2025-04-18,241.0256
2025-04-21,239.8488
2025-04-22,237.5055
2025-04-23,236.2746
2025-04-24,235.3379
2025-04-25,237.269
2025-04-28,238.4536
2025-04-29,242.2462
2025-04-30,238.3827
2025-05-01,239.2763
2025-05-02,239.7266
2025-05-05,239.8807
2025-05-06,243.117
2025-05-07,243.4946
2025-05-08,244.871
2025-05-09,246.0005
2025-05-12,246.6784
2025-05-13,247.272
2025-05-14,246.0073
2025-05-15,243.4709
2025-05-16,243.5958
2025-05-19,242.6886
2025-05-20,239.1705
2025-05-21,239.4573
2025-05-22,240.5454
2025-05-23,240.3232
2025-05-26,242.0785
2025-05-27,243.9108
2025-05-28,243.0858
2025-05-29,243.6953
2025-05-30,245.0627
2025-06-02,245.6266
2025-06-03,249.0425
2025-06-04,247.0802
2025-06-05,249.3615
2025-06-06,249.9865
2025-06-09,252.5162
2025-06-10,251.8833
2025-06-11,251.8566
2025-06-12,252.5649
2025-06-13,253.6039
2025-06-16,254.6636
2025-06-17,253.4336
2025-06-18,253.245
2025-06-19,255.4693
2025-06-20,252.6873
2025-06-23,252.1919
2025-06-24,255.0205
2025-06-25,256.4022
2025-06-26,253.3147
2025-06-27,251.2814
2025-06-30,251.5091
2025-07-01,250.3132
2025-07-02,249.1547
2025-07-03,248.7768
2025-07-04,250.7779
2025-07-07,251.3773
2025-07-08,252.3358
2025-07-09,250.852
2025-07-10,251.3121
2025-07-11,249.9976
2025-07-14,248.3473
2025-07-15,247.5643
2025-07-16,245.229
2025-07-17,245.1619
2025-07-18,242.9815
2025-07-21,242.2247
2025-07-22,241.7183
2025-07-23,241.8717
2025-07-24,238.7225
2025-07-25,238.6535
2025-07-28,244.3845
2025-07-29,245.8085
2025-07-30,241.236
2025-07-31,242.185
2025-08-01,244.7264
2025-08-04,246.0904
2025-08-05,243.7847
2025-08-06,250.8763
2025-08-07,247.9968
2025-08-08,248.1539
2025-08-11,251.0169
2025-08-12,250.3512
2025-08-13,250.2286
2025-08-14,250.229
2025-08-15,251.6895
2025-08-18,249.6974
2025-08-19,251.1935
2025-08-20,244.5529
2025-08-21,243.4966
2025-08-22,244.7315
2025-08-25,244.7918
2025-08-26,245.8481
2025-08-27,245.5138
2025-08-28,247.491
2025-08-29,244.2717
2025-09-01,244.9022
2025-09-02,240.3756
2025-09-03,238.0073
2025-09-04,236.282
2025-09-05,234.3112
2025-09-08,232.5051
2025-09-09,234.2497
2025-09-10,234.5123
2025-09-11,242.4328
2025-09-12,242.3393
2025-09-15,244.7827
2025-09-16,244.3163
2025-09-17,248.2854
2025-09-18,247.367
2025-09-19,244.6268
2025-09-22,243.2515
2025-09-23,242.7903
2025-09-24,241.6335
2025-09-25,242.7939
2025-09-26,245.1061
2025-09-29,243.7331
2025-09-30,244.5911
2025-10-01,245.8766
2025-10-02,246.8162
2025-10-03,248.2907
2025-10-06,251.0157
2025-10-07,248.9724
2025-10-08,249.3352
2025-10-09,250.5556
2025-10-10,251.3652
2025-10-13,247.9551
2025-10-14,247.0101
2025-10-15,247.2366
2025-10-16,246.5266
2025-10-17,246.6214
2025-10-20,243.2683
2025-10-21,242.4461
2025-10-22,244.8326
2025-10-23,245.1201
2025-10-24,240.1204
2025-10-27,239.594
2025-10-28,242.7028
2025-10-29,243.1123
2025-10-30,244.3613
2025-10-31,248.3133
2025-11-03,251.3283
2025-11-04,250.6885
2025-11-05,249.2165
2025-11-06,251.5592
2025-11-07,251.1067
2025-11-10,249.6957
2025-11-11,250.1804
2025-11-12,251.2724
2025-11-13,250.411
2025-11-14,251.2886
2025-11-17,249.6005
2025-11-18,254.8863
2025-11-19,253.0121
2025-11-20,255.5827
2025-11-21,255.5941
2025-11-24,255.4844
2025-11-25,252.5751
2025-11-26,253.7473
2025-11-27,251.6741
2025-11-28,250.6641
2025-12-01,247.677
2025-12-02,246.5376
2025-12-03,246.1717
2025-12-04,246.7956
2025-12-05,247.7015
2025-12-08,246.7749
2025-12-09,247.0804
2025-12-10,246.9113
2025-12-11,250.8686
2025-12-12,249.4084
2025-12-15,251.5816
2025-12-16,248.6518
2025-12-17,249.5723
2025-12-18,247.1006
2025-12-19,244.6241
2025-12-22,245.6614
2025-12-23,246.1935
2025-12-24,245.7212
2025-12-25,247.511
2025-12-26,249.4482
2025-12-29,249.531
2025-12-30,247.7751
2025-12-31,245.2262
2026-01-01,247.2002
2026-01-02,244.6285
2026-01-05,242.4132
2026-01-06,243.4025
2026-01-07,244.8897
2026-01-08,241.0916
2026-01-09,241.0114
2026-01-12,241.9246
2026-01-13,242.7499
2026-01-14,240.0678
2026-01-15,239.4315
2026-01-16,241.5465
2026-01-19,241.6776
2026-01-20,242.7012
2026-01-21,243.0415
2026-01-22,241.8626
2026-01-23,240.7194
2026-01-26,241.3
2026-01-27,241.1102
2026-01-28,240.6559
2026-01-29,241.3611
2026-01-30,243.0613
2026-02-02,242.8736
2026-02-03,243.4804
2026-02-04,243.2043
2026-02-05,246.1113
2026-02-06,244.615
2026-02-09,244.5626
2026-02-10,242.6531
2026-02-11,243.6847
2026-02-12,243.8902
2026-02-13,246.4228
2026-02-16,248.1668
2026-02-17,241.9982
2026-02-18,237.0106
2026-02-19,235.3185
2026-02-20,233.143
2026-02-23,230.6689
2026-02-24,232.3445
2026-02-25,232.0567
2026-02-26,231.0855
2026-02-27,231.088
2026-03-02,232.2966
2026-03-03,231.9716
2026-03-04,231.1419
2026-03-05,231.3587
2026-03-06,230.4323
2026-03-09,231.592
2026-03-10,233.1301
2026-03-11,233.1795
2026-03-12,232.3592
2026-03-13,235.0609
2026-03-16,235.87
2026-03-17,237.0238
2026-03-18,233.8659
2026-03-19,232.8931
2026-03-20,233.0533
2026-03-23,233.021
2026-03-24,234.6794
2026-03-25,232.453
2026-03-26,234.5637
2026-03-27,230.5775
2026-03-30,230.4726
2026-03-31,228.1875
2026-04-01,228.6253
2026-04-02,229.8582
2026-04-03,229.689
2026-04-06,230.0856
2026-04-07,229.6388
2026-04-08,228.6231
2026-04-09,230.5122
2026-04-10,230.6542
2026-04-13,230.435
2026-04-14,230.2584
2026-04-15,228.8319
2026-04-16,230.827
2026-04-17,228.6643
2026-04-20,228.6797
2026-04-21,229.9893
2026-04-22,229.9277
2026-04-23,229.3894
2026-04-24,228.2618
2026-04-27,228.2215
2026-04-28,228.2739
2026-04-29,227.9235
2026-04-30,228.5553
2026-05-01,231.8133
2026-05-04,231.5966
2026-05-05,231.1944
2026-05-06,230.1329
2026-05-07,230.7556
2026-05-08,230.452
2026-05-11,231.5368
2026-05-12,231.7715
2026-05-13,232.4604
2026-05-14,231.4647
2026-05-15,228.7915
2026-05-18,230.4848
2026-05-19,229.8748
2026-05-20,230.4249
2026-05-21,229.6496
2026-05-22,230.3566
2026-05-25,232.3167
2026-05-26,230.4211
2026-05-27,231.832
2026-05-28,223.3848
2026-05-29,224.6933
2026-06-01,222.1125
2026-06-02,218.9434
2026-06-03,217.7731
2026-06-04,215.8719
2026-06-05,210.0452
2026-06-08,206.9837
2026-06-09,199.5452
2026-06-10,201.0497
2026-06-11,197.5661
2026-06-12,198.3557
2026-06-15,201.3038
2026-06-16,193.3762
2026-06-17,196.4353
2026-06-18,199.2026
2026-06-19,199.4607
2026-06-22,202.4388
2026-06-23,201.8889
2026-06-24,201.111
2026-06-25,198.8897
2026-06-26,196.5354
2026-06-29,195.4097
2026-06-30,197.3255
2026-07-01,198.3927
2026-07-02,196.2436
2026-07-03,193.7518
2026-07-06,193.0711
2026-07-07,194.2165
2026-07-08,192.8057
2026-07-09,191.4535
2026-07-10,191.1872
2026-07-13,189.6228
2026-07-14,189.8898
2026-07-15,190.2728
2026-07-16,188.9457
2026-07-17,187.5182
2026-07-20,186.9021
2026-07-21,188.7822
2026-07-22,189.4839
2026-07-23,189.4993
2026-07-24,191.0853
2026-07-27,186.9775
2026-07-28,188.3338
2026-07-29,188.4808
2026-07-30,187.3516
2026-07-31,187.4808
2026-08-03,188.0265
2026-08-04,188.3762
2026-08-05,189.1932
2026-08-06,190.9782
2026-08-07,191.1089
2026-08-10,192.6221
2026-08-11,192.1915
2026-08-12,190.9892
2026-08-13,191.0709
2026-08-14,192.2807
